prompt,seed,width,height,sampler,cfgs,steps,filename,negative_prompt
frutiger aero windows xp bokeh wallpaper 2005 splash sun perfect beautiful,440506596,512,512,Euler a,7,20,00000-440506596-frutiger aero windows xp bokeh wallpaper 2005 splash sun perfect beautiful.png,
frutiger aero windows xp bokeh wallpaper 2005 splash sun perfect beautiful,4252979875,512,512,Euler a,7,20,00007-4252979879-frutiger aero windows xp bokeh wallpaper 2005 splash sun perfect beautiful.png,
frutiger aero windows xp bokeh wallpaper 2005 splash sun perfect beautiful,4258527524,512,512,Euler a,7,20,00008-4258527525-frutiger aero windows xp bokeh wallpaper 2005 splash sun perfect beautiful.png,
frutiger aero windows xp bokeh wallpaper 2005 splash sun perfect beautiful,4258527524,512,512,Euler a,7,20,00009-4258527527-frutiger aero windows xp bokeh wallpaper 2005 splash sun perfect beautiful.png,
"pixel art an empty glass bottle against a blue sky and green grass, frutiger aero bokeh splash beautiful windows xp 2005",3587526829,512,512,Euler a,18,20,"00010-3587526829-pixel art an empty glass bottle against a blue sky and green grass, frutiger aero bokeh splash beautiful windows xp 2005.png",
"pixel art an empty glass bottle against a blue sky and green grass, frutiger aero bokeh splash beautiful windows xp 2005",4261483840,512,512,Euler a,18,20,"00011-4261483844-pixel art an empty glass bottle against a blue sky and green grass, frutiger aero bokeh splash beautiful windows xp 2005.png",
"pixel art an empty glass bottle against a blue sky and green grass, frutiger aero bokeh splash beautiful windows xp 2005, low poly",3005697819,512,512,Euler a,18,20,"00012-3005697823-pixel art an empty glass bottle against a blue sky and green grass, frutiger aero bokeh splash beautiful windows xp 2005, low po.png",realistic
"pixel art an empty glass bottle against a blue sky and green grass, frutiger aero bokeh splash beautiful windows xp 2005, low poly, blue sky, blocky, landscape",1477499509,512,512,Euler a,18,20,"00013-1477499512-pixel art an empty glass bottle against a blue sky and green grass, frutiger aero bokeh splash beautiful windows xp 2005, low po.png","realistic, cap, cork"
"pixel art an empty glass bottle against a blue sky and green grass, frutiger aero bokeh splash beautiful windows xp 2005, low poly, blue sky, blocky, landscape",1477499509,512,512,Euler a,18,20,"00014-1477499511-pixel art an empty glass bottle against a blue sky and green grass, frutiger aero bokeh splash beautiful windows xp 2005, low po.png","realistic, cap, cork"
" <lora:pixhell15Lora_v10:1> glass bottle against a background 
",4182044600,512,512,Euler a,7,20,00015-4182044600-_lora_pixhell15Lora_v10_1_ glass bottle against a background _.png,
"pixel art an empty glass bottle against a blue sky and green grass, frutiger aero bokeh splash beautiful windows xp 2005 retrogame
",1346688883,544,968,Euler a,17,20,"00016-1346688888-pixel art an empty glass bottle against a blue sky and green grass, frutiger aero bokeh splash beautiful windows xp 2005 retroga.png","ugly, fried, cursed, realistic, cap, photo"
"pixel art an empty glass bottle against a blue sky and green grass, frutiger aero bokeh splash beautiful windows xp 2005 retrogame
",1346688883,544,968,Euler a,17,20,"00017-1346688887-pixel art an empty glass bottle against a blue sky and green grass, frutiger aero bokeh splash beautiful windows xp 2005 retroga.png","ugly, fried, cursed, realistic, cap, photo"
"pixel art an empty glass bottle against a blue sky and green grass, frutiger aero bokeh splash beautiful windows xp 2005 retrogame
",1346688883,544,968,Euler a,17,20,"00018-1346688885-pixel art an empty glass bottle against a blue sky and green grass, frutiger aero bokeh splash beautiful windows xp 2005 retroga.png","ugly, fried, cursed, realistic, cap, photo"
"pixel art an empty glass bottle against a blue sky and green grass, frutiger aero bokeh splash beautiful windows xp 2005 retrogame
",1346688883,544,968,Euler a,17,20,"00019-1346688884-pixel art an empty glass bottle against a blue sky and green grass, frutiger aero bokeh splash beautiful windows xp 2005 retroga.png","ugly, fried, cursed, realistic, cap, photo"
" <lora:pixhell15Lora_v10:1> image of a white longhair cat sitting on a bed, frutiger aero, windows xp, 2005",1211035091,512,512,Euler a,7,30,"00020-1211035096-_lora_pixhell15Lora_v10_1_ image of a white longhair cat sitting on a bed, frutiger aero, windows xp, 2005.png",
" <lora:pixhell15Lora_v10:1> image of a white longhair cat sitting on a bed, frutiger aero, windows xp, 2005",1211035091,512,512,Euler a,7,30,"00021-1211035091-_lora_pixhell15Lora_v10_1_ image of a white longhair cat sitting on a bed, frutiger aero, windows xp, 2005.png",
" <lora:pixhell15Lora_v10:1> image of a white longhair cat sitting on a bed, frutiger aero, windows xp, 2005",1211035091,512,512,Euler a,7,30,"00022-1211035092-_lora_pixhell15Lora_v10_1_ image of a white longhair cat sitting on a bed, frutiger aero, windows xp, 2005.png",
" <lora:pixhell15Lora_v10:1> image of a white longhair cat sitting on a bed, frutiger aero, windows xp, 2005",3702379710,512,512,Euler a,7,30,"00023-3702379710-_lora_pixhell15Lora_v10_1_ image of a white longhair cat sitting on a bed, frutiger aero, windows xp, 2005.png",piel
" <lora:pixhell15Lora_v10:1> a white longhair cat sitting on a bed, frutiger aero, windows xp, 2005",1193531213,512,512,Euler a,7,30,"00024-1193531214-_lora_pixhell15Lora_v10_1_ a white longhair cat sitting on a bed, frutiger aero, windows xp, 2005.png",pixel
" <lora:pixhell15Lora_v10:1> an office space, frutiger aero, windows xp, 2005, clean",1977617701,512,512,Euler a,7,20,"00025-1977617704-_lora_pixhell15Lora_v10_1_ an office space, frutiger aero, windows xp, 2005, clean.png",pixel
" <lora:pixhell15Lora_v10:1> a bedroom, frutiger aero, windows xp, 2005, clean",3383800329,512,512,Euler a,7,20,"00026-3383800334-_lora_pixhell15Lora_v10_1_ a bedroom, frutiger aero, windows xp, 2005, clean.png",pixel
" <lora:pixhell15Lora_v10:1> a bedroom, frutiger aero, windows xp, 2005, clean",3383800329,512,512,Euler a,7,20,"00027-3383800333-_lora_pixhell15Lora_v10_1_ a bedroom, frutiger aero, windows xp, 2005, clean.png",pixel
" <lora:pixhell15Lora_v10:1> a bedroom, frutiger aero, windows xp, 2005, clean",3383800329,512,512,Euler a,7,20,"00028-3383800331-_lora_pixhell15Lora_v10_1_ a bedroom, frutiger aero, windows xp, 2005, clean.png",pixel
" <lora:pixhell15Lora_v10:1> a home, frutiger aero, windows xp, 2005, clean",2245915087,512,512,Euler a,7,20,"00029-2245915092-_lora_pixhell15Lora_v10_1_ a home, frutiger aero, windows xp, 2005, clean.png",pixel
" <lora:pixhell15Lora_v10:1> a home, frutiger aero, windows xp, 2005, clean",2245915087,512,512,Euler a,7,20,"00030-2245915090-_lora_pixhell15Lora_v10_1_ a home, frutiger aero, windows xp, 2005, clean.png",pixel
" <lora:pixhell15Lora_v10:1> a home, frutiger aero, windows xp, 2005, clean",2245915087,512,512,Euler a,7,20,"00031-2245915089-_lora_pixhell15Lora_v10_1_ a home, frutiger aero, windows xp, 2005, clean.png",pixel
" <lora:pixhell15Lora_v10:1> a dog, frutiger aero, windows xp, 2005, clean",2748751088,512,512,Euler a,7,20,"00032-2748751091-_lora_pixhell15Lora_v10_1_ a dog, frutiger aero, windows xp, 2005, clean.png",pixel
" <lora:pixhell15Lora_v10:1> a coral reef with fish, frutiger aero, windows xp, 2005, clean, bokeh, wallpaper",822254098,512,512,Euler a,7,20,"00033-822254099-_lora_pixhell15Lora_v10_1_ a coral reef with fish, frutiger aero, windows xp, 2005, clean, bokeh, wallpaper.png",pixel
" <lora:pixhell15Lora_v10:1> a coral reef with fish, frutiger aero, windows xp, 2005, clean, bokeh, wallpaper",822254098,512,512,Euler a,7,20,"00034-822254101-_lora_pixhell15Lora_v10_1_ a coral reef with fish, frutiger aero, windows xp, 2005, clean, bokeh, wallpaper.png",pixel
" <lora:pixhell15Lora_v10:1> a coral reef with fish, frutiger aero, windows xp, 2005, clean, bokeh, wallpaper, splash, reflection",1288307410,512,512,Euler a,7,20,"00035-1288307412-_lora_pixhell15Lora_v10_1_ a coral reef with fish, frutiger aero, windows xp, 2005, clean, bokeh, wallpaper, splash, reflection.png",pixel
" <lora:pixhell15Lora_v10:1> a coral reef with fish, frutiger aero, windows xp, 2005, clean, bokeh, wallpaper, splash, reflection",1288307410,512,512,Euler a,7,20,"00036-1288307414-_lora_pixhell15Lora_v10_1_ a coral reef with fish, frutiger aero, windows xp, 2005, clean, bokeh, wallpaper, splash, reflection.png",pixel
" <lora:pixhell15Lora_v10:1> a coral reef with fish, frutiger aero, windows xp, 2005, clean, bokeh, wallpaper, splash, reflection",1288307410,512,512,Euler a,7,20,"00037-1288307415-_lora_pixhell15Lora_v10_1_ a coral reef with fish, frutiger aero, windows xp, 2005, clean, bokeh, wallpaper, splash, reflection.png",pixel
" <lora:pixhell15Lora_v10:1> a coral reef with fish, frutiger aero, windows xp, 2005, clean, bokeh, wallpaper, splash, reflection",210697014,512,512,Euler a,7,20,"00038-210697018-_lora_pixhell15Lora_v10_1_ a coral reef with fish, frutiger aero, windows xp, 2005, clean, bokeh, wallpaper, splash, reflection.png","pixel, ugly, cursed"
" <lora:pixhell15Lora_v10:1> a coral reef with fish, frutiger aero, windows xp, 2005, clean, bokeh, wallpaper, splash, reflection",210697014,512,512,Euler a,7,20,"00039-210697019-_lora_pixhell15Lora_v10_1_ a coral reef with fish, frutiger aero, windows xp, 2005, clean, bokeh, wallpaper, splash, reflection.png","pixel, ugly, cursed"
" <lora:pixhell15Lora_v10:1> a shopping mall atrium, frutiger aero, windows xp, 2005, clean, bokeh, wallpaper, splash, reflection",2728629240,512,512,Euler a,7,20,"00040-2728629242-_lora_pixhell15Lora_v10_1_ a shopping mall atrium, frutiger aero, windows xp, 2005, clean, bokeh, wallpaper, splash, reflection.png","pixel, ugly, cursed"
" <lora:pixhell15Lora_v10:1> a shopping mall atrium, frutiger aero, windows xp, 2005, clean, bokeh, wallpaper, splash, reflection",2728629240,512,512,Euler a,7,20,"00041-2728629244-_lora_pixhell15Lora_v10_1_ a shopping mall atrium, frutiger aero, windows xp, 2005, clean, bokeh, wallpaper, splash, reflection.png","pixel, ugly, cursed"
" <lora:pixhell15Lora_v10:1> a shopping mall atrium with a fountain and marble statues, frutiger aero, windows xp, 2005, clean, bokeh, wallpaper, splash, reflection",971817166,512,512,Euler a,7,20,"00042-971817167-_lora_pixhell15Lora_v10_1_ a shopping mall atrium with a fountain and marble statues, frutiger aero, windows xp, 2005, clean, bo.png","pixel, ugly, cursed, asymmetrical"
" <lora:pixhell15Lora_v10:1> a car near a seaside overlook, golden gate bridge, frutiger aero, windows xp, 2005, clean, bokeh, wallpaper, splash, reflection",3204232299,512,512,Euler a,7,20,"00043-3204232300-_lora_pixhell15Lora_v10_1_ a car near a seaside overlook, golden gate bridge, frutiger aero, windows xp, 2005, clean, bokeh, wal.png","pixel, ugly, cursed, asymmetrical"
" <lora:pixhell15Lora_v10:1> golden gate bridge, frutiger aero, windows xp, 2005, clean, bokeh, wallpaper, splash, reflection",3937467238,512,512,Euler a,7,20,"00044-3937467238-_lora_pixhell15Lora_v10_1_ golden gate bridge, frutiger aero, windows xp, 2005, clean, bokeh, wallpaper, splash, reflection.png","pixel, ugly, cursed, asymmetrical"
" <lora:pixhell15Lora_v10:1> golden gate bridge, frutiger aero, windows xp, 2005, clean, bokeh, wallpaper, splash, reflection",3672023601,512,512,Euler a,7,25,"00045-3672023601-_lora_pixhell15Lora_v10_1_ golden gate bridge, frutiger aero, windows xp, 2005, clean, bokeh, wallpaper, splash, reflection.png","pixel, ugly, cursed, asymmetrical"
" <lora:pixhell15Lora_v10:1> golden gate bridge, frutiger aero, windows xp, 2005, clean, bokeh, wallpaper, splash, reflection",1008411813,512,512,Euler a,7,30,"00046-1008411813-_lora_pixhell15Lora_v10_1_ golden gate bridge, frutiger aero, windows xp, 2005, clean, bokeh, wallpaper, splash, reflection.png","pixel, ugly, cursed, asymmetrical"
" <lora:pixhell15Lora_v10:1> a gray tabby cat, frutiger aero, windows xp, 2005, clean, bokeh, wallpaper, splash, reflection, nintendo wii",121260707,512,512,Euler a,7,30,"00047-121260712-_lora_pixhell15Lora_v10_1_ a gray tabby cat, frutiger aero, windows xp, 2005, clean, bokeh, wallpaper, splash, reflection, ninte.png","pixel, ugly, cursed, asymmetrical"
" <lora:pixhell15Lora_v10:1> chis chan, frutiger aero, windows xp, 2005, clean, bokeh, wallpaper, splash, reflection, nintendo wii",2489176727,512,512,Euler a,7,30,"00048-2489176729-_lora_pixhell15Lora_v10_1_ chis chan, frutiger aero, windows xp, 2005, clean, bokeh, wallpaper, splash, reflection, nintendo wii.png","pixel, ugly, cursed, asymmetrical"
" <lora:pixhell15Lora_v10:1> chis chan, frutiger aero, windows xp, 2005, clean, bokeh, wallpaper, splash, reflection, nintendo wii",2489176727,512,512,Euler a,7,30,"00049-2489176728-_lora_pixhell15Lora_v10_1_ chis chan, frutiger aero, windows xp, 2005, clean, bokeh, wallpaper, splash, reflection, nintendo wii.png","pixel, ugly, cursed, asymmetrical"
" <lora:pixhell15Lora_v10:1> chis chan, frutiger aero, windows xp, 2005, clean, bokeh, wallpaper, splash, reflection, nintendo wii",2489176727,512,512,Euler a,7,30,"00050-2489176727-_lora_pixhell15Lora_v10_1_ chis chan, frutiger aero, windows xp, 2005, clean, bokeh, wallpaper, splash, reflection, nintendo wii.png","pixel, ugly, cursed, asymmetrical"
" <lora:pixhell15Lora_v10:1> chis chan, frutiger aero, windows xp, 2005, clean, bokeh, wallpaper, splash, reflection, nintendo wii",2489176727,512,512,Euler a,7,30,"00051-2489176727-_lora_pixhell15Lora_v10_1_ chis chan, frutiger aero, windows xp, 2005, clean, bokeh, wallpaper, splash, reflection, nintendo wii.png","pixel, ugly, cursed, asymmetrical"
" <lora:pixhell15Lora_v10:1>  a basket of fruit, frutiger aero, windows xp, 2005, clean
",3976521601,512,512,Euler a,7,20,"00058-3976521606-_lora_pixhell15Lora_v10_1_  a basket of fruit, frutiger aero, windows xp, 2005, clean_.png",pixel
" <lora:pixhell15Lora_v10:1>  a basket of fruit, frutiger aero, windows xp, 2005, clean
",3976521601,512,512,Euler a,7,20,"00059-3976521601-_lora_pixhell15Lora_v10_1_  a basket of fruit, frutiger aero, windows xp, 2005, clean_.png",pixel
" <lora:pixhell15Lora_v10:1>  a fruit basket, frutiger aero, windows xp, 2005, clean, 2007
",505303792,512,512,Euler a,7,20,"00060-505303793-_lora_pixhell15Lora_v10_1_  a fruit basket, frutiger aero, windows xp, 2005, clean, 2007_.png",pixel
" <lora:pixhell15Lora_v10:1>  a fruit basket, frutiger aero, windows xp, 2005, clean, 2007
",505303792,512,512,Euler a,7,20,"00061-505303797-_lora_pixhell15Lora_v10_1_  a fruit basket, frutiger aero, windows xp, 2005, clean, 2007_.png",pixel
" <lora:pixhell15Lora_v10:1>  a horse, frutiger aero, windows xp, 2005, clean, 2007
",664553660,512,512,Euler a,7,20,"00062-664553660-_lora_pixhell15Lora_v10_1_  a horse, frutiger aero, windows xp, 2005, clean, 2007_.png",pixel
" <lora:pixhell15Lora_v10:1>  a horse, frutiger aero, windows xp, 2005, clean, 2007
",664553660,512,512,Euler a,7,20,"00063-664553662-_lora_pixhell15Lora_v10_1_  a horse, frutiger aero, windows xp, 2005, clean, 2007_.png",pixel
" <lora:pixhell15Lora_v10:1>  a lion, frutiger aero, windows xp, 2005, clean, 2007
",2923093396,512,512,Euler a,7,20,"00064-2923093400-_lora_pixhell15Lora_v10_1_  a lion, frutiger aero, windows xp, 2005, clean, 2007_.png",pixel
" <lora:pixhell15Lora_v10:1>  a kitten, frutiger aero, windows xp, 2005, clean, 2007
",3809150032,512,512,Euler a,7,20,"00065-3809150032-_lora_pixhell15Lora_v10_1_  a kitten, frutiger aero, windows xp, 2005, clean, 2007_.png",pixel
" <lora:pixhell15Lora_v10:1>  a woman, frutiger aero, windows xp, 2005, clean, 2007
",3232679536,512,512,Euler a,7,20,"00066-3232679538-_lora_pixhell15Lora_v10_1_  a woman, frutiger aero, windows xp, 2005, clean, 2007_.png",pixel
" <lora:pixhell15Lora_v10:1>  a woman, frutiger aero, windows xp, 2005, clean, 2007
",3232679536,512,512,Euler a,7,20,"00067-3232679537-_lora_pixhell15Lora_v10_1_  a woman, frutiger aero, windows xp, 2005, clean, 2007_.png",pixel
" <lora:pixhell15Lora_v10:1>  a woman, frutiger aero, windows xp, 2005, clean, 2007
",3232679536,512,512,Euler a,7,20,"00068-3232679539-_lora_pixhell15Lora_v10_1_  a woman, frutiger aero, windows xp, 2005, clean, 2007_.png",pixel
" <lora:pixhell15Lora_v10:1>  a woman, frutiger aero, windows xp, 2005, clean, 2007
",2597485389,512,512,Euler a,7,20,"00069-2597485393-_lora_pixhell15Lora_v10_1_  a woman, frutiger aero, windows xp, 2005, clean, 2007_.png",pixel
" <lora:pixhell15Lora_v10:1>  a woman, frutiger aero, windows xp, 2005, clean, 2007
",946695572,512,512,Euler a,7,20,"00070-946695577-_lora_pixhell15Lora_v10_1_  a woman, frutiger aero, windows xp, 2005, clean, 2007_.png","pixel, professional"
" <lora:pixhell15Lora_v10:1>  a woman, frutiger aero, windows xp, 2005, clean, 2007
",946695572,512,512,Euler a,7,20,"00071-946695576-_lora_pixhell15Lora_v10_1_  a woman, frutiger aero, windows xp, 2005, clean, 2007_.png","pixel, professional"
" <lora:pixhell15Lora_v10:1>  a woman, frutiger aero, windows xp, 2005, clean, 2007
",755703938,512,512,Euler a,7,20,"00072-755703939-_lora_pixhell15Lora_v10_1_  a woman, frutiger aero, windows xp, 2005, clean, 2007_.png","pixel, professionalism"
" <lora:pixhell15Lora_v10:1>  a man, frutiger aero, windows xp, 2005, clean, 2007
",1903275173,512,512,Euler a,7,20,"00073-1903275175-_lora_pixhell15Lora_v10_1_  a man, frutiger aero, windows xp, 2005, clean, 2007_.png","pixel, professionalism"
" <lora:pixhell15Lora_v10:1>  a man, frutiger aero, windows xp, 2005, clean, 2007
",1903275173,512,512,Euler a,7,20,"00074-1903275174-_lora_pixhell15Lora_v10_1_  a man, frutiger aero, windows xp, 2005, clean, 2007_.png","pixel, professionalism"
" <lora:pixhell15Lora_v10:1>  a man, frutiger aero, windows xp, 2005, clean, 2007
",1684527491,512,512,Euler a,7,20,"00075-1684527493-_lora_pixhell15Lora_v10_1_  a man, frutiger aero, windows xp, 2005, clean, 2007_.png","pixel, professionalism"
" <lora:pixhell15Lora_v10:1>  a man, frutiger aero, windows xp, 2005, clean, 2007
",1684527491,512,512,Euler a,7,20,"00076-1684527496-_lora_pixhell15Lora_v10_1_  a man, frutiger aero, windows xp, 2005, clean, 2007_.png","pixel, professionalism"
" <lora:pixhell15Lora_v10:1>  a man, frutiger aero, windows xp, 2005, clean, 2007
",4141855462,512,512,Euler a,7,20,"00077-4141855466-_lora_pixhell15Lora_v10_1_  a man, frutiger aero, windows xp, 2005, clean, 2007_.png",pixel
" <lora:pixhell15Lora_v10:1>  a man, frutiger aero, windows xp, 2005, clean, 2007
",4141855462,512,512,Euler a,7,20,"00078-4141855467-_lora_pixhell15Lora_v10_1_  a man, frutiger aero, windows xp, 2005, clean, 2007_.png",pixel
" <lora:pixhell15Lora_v10:1>  a man, frutiger aero, windows xp, 2005, clean, 2007
",4141855462,512,512,Euler a,7,20,"00079-4141855464-_lora_pixhell15Lora_v10_1_  a man, frutiger aero, windows xp, 2005, clean, 2007_.png",pixel
" <lora:pixhell15Lora_v10:1>  a lamp, frutiger aero, windows xp, 2005, clean, 2007
",1590363138,512,512,Euler a,7,20,"00080-1590363140-_lora_pixhell15Lora_v10_1_  a lamp, frutiger aero, windows xp, 2005, clean, 2007_.png",pixel
" <lora:pixhell15Lora_v10:1>  a lamp, frutiger aero, windows xp, 2005, clean, 2007
",1590363138,512,512,Euler a,7,20,"00081-1590363139-_lora_pixhell15Lora_v10_1_  a lamp, frutiger aero, windows xp, 2005, clean, 2007_.png",pixel
" <lora:pixhell15Lora_v10:1>  a classroom, frutiger aero, windows xp, 2005, clean, 2007
",1685687655,512,512,Euler a,7,20,"00082-1685687657-_lora_pixhell15Lora_v10_1_  a classroom, frutiger aero, windows xp, 2005, clean, 2007_.png",pixel
" <lora:pixhell15Lora_v10:1>  a bouquet of flowers, frutiger aero, windows xp, 2005, clean, 2007
",1760355897,512,512,Euler a,7,20,"00083-1760355899-_lora_pixhell15Lora_v10_1_  a bouquet of flowers, frutiger aero, windows xp, 2005, clean, 2007_.png",pixel
" <lora:pixhell15Lora_v10:1>  a bouquet of flowers, frutiger aero, windows xp, 2005, clean, 2007
",1760355897,512,512,Euler a,7,20,"00084-1760355898-_lora_pixhell15Lora_v10_1_  a bouquet of flowers, frutiger aero, windows xp, 2005, clean, 2007_.png",pixel
" <lora:pixhell15Lora_v10:1>  a bouquet of flowers, frutiger aero, windows xp, 2005, clean, 2007
",1760355897,512,512,Euler a,7,20,"00085-1760355902-_lora_pixhell15Lora_v10_1_  a bouquet of flowers, frutiger aero, windows xp, 2005, clean, 2007_.png",pixel
" <lora:pixhell15Lora_v10:1>  an apple against a background, frutiger aero, windows xp, 2005, clean, 2007
",1561458451,512,512,Euler a,7,20,"00086-1561458456-_lora_pixhell15Lora_v10_1_  an apple against a background, frutiger aero, windows xp, 2005, clean, 2007_.png",pixel
" <lora:pixhell15Lora_v10:1>  an apple against a background, frutiger aero, fruit, windows xp, 2005, clean, 2007
",145059862,512,512,Euler a,7,20,"00087-145059863-_lora_pixhell15Lora_v10_1_  an apple against a background, frutiger aero, fruit, windows xp, 2005, clean, 2007_.png",pixel
" <lora:pixhell15Lora_v10:1>  an apple against a background, frutiger aero, fruit, windows xp, 2005, clean, 2007
",145059862,512,512,Euler a,7,20,"00088-145059862-_lora_pixhell15Lora_v10_1_  an apple against a background, frutiger aero, fruit, windows xp, 2005, clean, 2007_.png",pixel
" <lora:pixhell15Lora_v10:1>  an apple against a background, frutiger aero, fruit, windows xp, 2005, clean, 2007
",145059862,512,512,Euler a,7,20,"00089-145059867-_lora_pixhell15Lora_v10_1_  an apple against a background, frutiger aero, fruit, windows xp, 2005, clean, 2007_.png",pixel
" <lora:pixhell15Lora_v10:1>  an apple against a background, frutiger aero, fruit, windows xp, 2005, clean, 2007
",145059862,512,512,Euler a,7,20,"00090-145059864-_lora_pixhell15Lora_v10_1_  an apple against a background, frutiger aero, fruit, windows xp, 2005, clean, 2007_.png",pixel
" <lora:pixhell15Lora_v10:1>  an apple against a background, frutiger aero, gradient, windows xp, 2005, clean, 2007
",3201264157,512,512,Euler a,7,20,"00091-3201264160-_lora_pixhell15Lora_v10_1_  an apple against a background, frutiger aero, gradient, windows xp, 2005, clean, 2007_.png",pixel
" <lora:pixhell15Lora_v10:1>  an apple against a background, frutiger aero, gradient, windows xp, 2005, clean, 2007
",3201264157,512,512,Euler a,7,20,"00092-3201264160-_lora_pixhell15Lora_v10_1_  an apple against a background, frutiger aero, gradient, windows xp, 2005, clean, 2007_.png",pixel
" <lora:pixhell15Lora_v10:1>  a cityscape, frutiger aero, gradient, windows xp, 2005, clean, 2007
",3838527188,512,512,Euler a,7,20,"00093-3838527188-_lora_pixhell15Lora_v10_1_  a cityscape, frutiger aero, gradient, windows xp, 2005, clean, 2007_.png",pixel
" <lora:pixhell15Lora_v10:1>  a cityscape, frutiger aero, gradient, windows xp, 2005, clean, 2007
",3838527188,512,512,Euler a,7,20,"00094-3838527190-_lora_pixhell15Lora_v10_1_  a cityscape, frutiger aero, gradient, windows xp, 2005, clean, 2007_.png",pixel
" <lora:pixhell15Lora_v10:1>  a cityscape, frutiger aero, gradient, windows xp, 2005, clean, 2007
",3838527188,512,512,Euler a,7,20,"00095-3838527192-_lora_pixhell15Lora_v10_1_  a cityscape, frutiger aero, gradient, windows xp, 2005, clean, 2007_.png",pixel
" <lora:pixhell15Lora_v10:1>  a cityscape with mountains in the background, frutiger aero, gradient, windows xp, 2005, clean, 2007
",3272903301,512,512,Euler a,7,20,"00096-3272903301-_lora_pixhell15Lora_v10_1_  a cityscape with mountains in the background, frutiger aero, gradient, windows xp, 2005, clean, 2007.png",pixel
" <lora:pixhell15Lora_v10:1>  a cityscape with mountains in the background, frutiger aero, gradient, windows xp, 2005, clean, 2007
",3272903301,512,512,Euler a,7,20,"00097-3272903303-_lora_pixhell15Lora_v10_1_  a cityscape with mountains in the background, frutiger aero, gradient, windows xp, 2005, clean, 2007.png",pixel
" <lora:pixhell15Lora_v10:1>  a cityscape with mountains in the background, frutiger aero, gradient, windows xp, 2005, clean, 2007
",3272903301,512,512,Euler a,7,20,"00098-3272903305-_lora_pixhell15Lora_v10_1_  a cityscape with mountains in the background, frutiger aero, gradient, windows xp, 2005, clean, 2007.png",pixel
" <lora:pixhell15Lora_v10:1>  a cityscape with mountains in the background, frutiger aero, gradient, windows xp, 2005, clean, 2007
",3272903301,512,512,Euler a,7,20,"00099-3272903306-_lora_pixhell15Lora_v10_1_  a cityscape with mountains in the background, frutiger aero, gradient, windows xp, 2005, clean, 2007.png",pixel
" <lora:pixhell15Lora_v10:1>  a garden, frutiger aero, gradient, windows xp, 2005, clean, 2007
",2773472721,512,512,Euler a,7,20,"00100-2773472726-_lora_pixhell15Lora_v10_1_  a garden, frutiger aero, gradient, windows xp, 2005, clean, 2007_.png",pixel
" <lora:pixhell15Lora_v10:1>  a garden, frutiger aero, gradient, windows xp, 2005, clean, 2007
",2773472721,512,512,Euler a,7,20,"00101-2773472724-_lora_pixhell15Lora_v10_1_  a garden, frutiger aero, gradient, windows xp, 2005, clean, 2007_.png",pixel
" <lora:pixhell15Lora_v10:1>  a garden, frutiger aero, gradient, windows xp, 2005, clean, 2007
",2773472721,512,512,Euler a,7,20,"00102-2773472723-_lora_pixhell15Lora_v10_1_  a garden, frutiger aero, gradient, windows xp, 2005, clean, 2007_.png",pixel
" <lora:pixhell15Lora_v10:1>  a garden, frutiger aero, gradient, windows xp, 2005, clean, 2007
",2773472721,512,512,Euler a,7,20,"00103-2773472721-_lora_pixhell15Lora_v10_1_  a garden, frutiger aero, gradient, windows xp, 2005, clean, 2007_.png",pixel
" <lora:pixhell15Lora_v10:1>  seascape, frutiger aero, gradient, windows xp, 2005, clean, 2007
",1888976780,512,512,Euler a,7,20,"00104-1888976780-_lora_pixhell15Lora_v10_1_  seascape, frutiger aero, gradient, windows xp, 2005, clean, 2007_.png",pixel
" <lora:pixhell15Lora_v10:1>  seascape, frutiger aero, gradient, windows xp, 2005, clean, 2007
",651472883,512,512,Euler a,1,20,"00111-651472888-_lora_pixhell15Lora_v10_1_  seascape, frutiger aero, gradient, windows xp, 2005, clean, 2007_.png",pixel
" <lora:pixhell15Lora_v10:1>  seascape, frutiger aero, gradient, windows xp, 2005, clean, 2007
",651472883,512,512,Euler a,1,20,"00112-651472887-_lora_pixhell15Lora_v10_1_  seascape, frutiger aero, gradient, windows xp, 2005, clean, 2007_.png",pixel
" <lora:pixhell15Lora_v10:1>  a beach, frutiger aero, gradient, windows xp, 2005, clean, 2007
",4244021144,512,512,Euler a,1,20,"00113-4244021148-_lora_pixhell15Lora_v10_1_  a beach, frutiger aero, gradient, windows xp, 2005, clean, 2007_.png",pixel
" <lora:pixhell15Lora_v10:1>  a beach, frutiger aero, gradient, windows xp, 2005, clean, 2007
",3447640496,512,512,Euler a,17.5,20,"00114-3447640496-_lora_pixhell15Lora_v10_1_  a beach, frutiger aero, gradient, windows xp, 2005, clean, 2007_.png",pixel
" <lora:pixhell15Lora_v10:1>  a beach, frutiger aero, gradient, windows xp, 2005, clean, 2007
",3447640496,512,512,Euler a,17.5,20,"00115-3447640497-_lora_pixhell15Lora_v10_1_  a beach, frutiger aero, gradient, windows xp, 2005, clean, 2007_.png",pixel
" <lora:pixhell15Lora_v10:1>  a beach, frutiger aero, gradient, windows xp, 2005, clean, 2007
",3447640496,512,512,Euler a,17.5,20,"00116-3447640498-_lora_pixhell15Lora_v10_1_  a beach, frutiger aero, gradient, windows xp, 2005, clean, 2007_.png",pixel
" <lora:pixhell15Lora_v10:1>  a beach, frutiger aero, gradient, windows xp, 2005, clean, 2007
",3447640496,512,512,Euler a,17.5,20,"00117-3447640500-_lora_pixhell15Lora_v10_1_  a beach, frutiger aero, gradient, windows xp, 2005, clean, 2007_.png",pixel
" <lora:pixhell15Lora_v10:1>  a beach, frutiger aero, gradient, windows xp, 2005, clean, 2007
",3447640496,512,512,Euler a,17.5,20,"00118-3447640501-_lora_pixhell15Lora_v10_1_  a beach, frutiger aero, gradient, windows xp, 2005, clean, 2007_.png",pixel
" <lora:pixhell15Lora_v10:1>  a television, frutiger aero, gradient, windows xp, 2005, clean, 2007
",1641961583,512,512,Euler a,17.5,20,"00119-1641961588-_lora_pixhell15Lora_v10_1_  a television, frutiger aero, gradient, windows xp, 2005, clean, 2007_.png",pixel
" <lora:pixhell15Lora_v10:1>  a television, frutiger aero, gradient, windows xp, 2005, clean, 2007
",1641961583,512,512,Euler a,17.5,20,"00120-1641961587-_lora_pixhell15Lora_v10_1_  a television, frutiger aero, gradient, windows xp, 2005, clean, 2007_.png",pixel
" <lora:pixhell15Lora_v10:1>  a television, frutiger aero, gradient, windows xp, 2005, clean, 2007
",1641961583,512,512,Euler a,17.5,20,"00121-1641961586-_lora_pixhell15Lora_v10_1_  a television, frutiger aero, gradient, windows xp, 2005, clean, 2007_.png",pixel
" <lora:pixhell15Lora_v10:1>  a television set, frutiger aero, gradient, windows xp, 2005, clean, 2007
",3750747382,512,512,Euler a,17.5,20,"00122-3750747384-_lora_pixhell15Lora_v10_1_  a television set, frutiger aero, gradient, windows xp, 2005, clean, 2007_.png",pixel
" <lora:pixhell15Lora_v10:1>  a house party, frutiger aero, gradient, windows xp, 2005, clean, 2007
",497500671,512,512,Euler a,17.5,20,"00123-497500674-_lora_pixhell15Lora_v10_1_  a house party, frutiger aero, gradient, windows xp, 2005, clean, 2007_.png",pixel
" <lora:pixhell15Lora_v10:1>  a house party, frutiger aero, gradient, windows xp, 2005, clean, 2007
",497500671,512,512,Euler a,17.5,20,"00124-497500671-_lora_pixhell15Lora_v10_1_  a house party, frutiger aero, gradient, windows xp, 2005, clean, 2007_.png",pixel
" <lora:pixhell15Lora_v10:1>  a suburban cul-de-sac, frutiger aero, gradient, windows xp, 2005, clean, 2007
",3209214735,512,512,Euler a,17.5,20,"00125-3209214737-_lora_pixhell15Lora_v10_1_  a suburban cul-de-sac, frutiger aero, gradient, windows xp, 2005, clean, 2007_.png",pixel
" <lora:pixhell15Lora_v10:1>  a suburban cul-de-sac, frutiger aero, gradient, windows xp, 2005, clean, 2007
",3209214735,512,512,Euler a,17.5,20,"00126-3209214735-_lora_pixhell15Lora_v10_1_  a suburban cul-de-sac, frutiger aero, gradient, windows xp, 2005, clean, 2007_.png",pixel
" <lora:pixhell15Lora_v10:1>  a fountain in a park, frutiger aero, gradient, windows xp, 2005, clean, 2007
",158475189,512,512,Euler a,17.5,20,"00127-158475193-_lora_pixhell15Lora_v10_1_  a fountain in a park, frutiger aero, gradient, windows xp, 2005, clean, 2007_.png","pixel, green grass"
" <lora:pixhell15Lora_v10:1>  a fountain in a park, frutiger aero, gradient, windows xp, 2005, clean, 2007
",158475189,512,512,Euler a,17.5,20,"00128-158475194-_lora_pixhell15Lora_v10_1_  a fountain in a park, frutiger aero, gradient, windows xp, 2005, clean, 2007_.png","pixel, green grass"
" <lora:pixhell15Lora_v10:1>  a fountain in a park, frutiger aero, gradient, windows xp, 2005, clean, 2007
",158475189,512,512,Euler a,17.5,20,"00129-158475190-_lora_pixhell15Lora_v10_1_  a fountain in a park, frutiger aero, gradient, windows xp, 2005, clean, 2007_.png","pixel, green grass"
" <lora:pixhell15Lora_v10:1>  a fountain in a park, frutiger aero, gradient, windows xp, 2005, clean, 2007
",158475189,512,512,Euler a,17.5,20,"00130-158475189-_lora_pixhell15Lora_v10_1_  a fountain in a park, frutiger aero, gradient, windows xp, 2005, clean, 2007_.png","pixel, green grass"
" <lora:pixhell15Lora_v10:1>  washington square park, frutiger aero, gradient, windows xp, 2005, clean, 2007
",2579904921,512,512,Euler a,17.5,20,"00131-2579904921-_lora_pixhell15Lora_v10_1_  washington square park, frutiger aero, gradient, windows xp, 2005, clean, 2007_.png","pixel, green grass"
" <lora:pixhell15Lora_v10:1>  washington square park, frutiger aero, gradient, windows xp, 2005, clean, 2007
",2579904921,512,512,Euler a,17.5,20,"00132-2579904923-_lora_pixhell15Lora_v10_1_  washington square park, frutiger aero, gradient, windows xp, 2005, clean, 2007_.png","pixel, green grass"
" <lora:pixhell15Lora_v10:1>  (washington square park), new york city, frutiger aero, gradient, windows xp, 2005, clean, 2007
",1437221531,512,512,DPM++ 2M SDE Karras,17.5,20,"00133-1437221533-_lora_pixhell15Lora_v10_1_  (washington square park), new york city, frutiger aero, gradient, windows xp, 2005, clean, 2007_.png","pixel, grass"
" <lora:pixhell15Lora_v10:1>  a vase, frutiger aero, gradient, windows xp, 2005, clean, 2007
",2503593649,512,512,DPM++ 2M SDE Karras,17.5,20,"00134-2503593650-_lora_pixhell15Lora_v10_1_  a vase, frutiger aero, gradient, windows xp, 2005, clean, 2007_.png","pixel, grass"
" <lora:pixhell15Lora_v10:1>  a vase, frutiger aero, gradient, windows xp, 2005, clean, 2007
",2503593649,512,512,DPM++ 2M SDE Karras,17.5,20,"00135-2503593649-_lora_pixhell15Lora_v10_1_  a vase, frutiger aero, gradient, windows xp, 2005, clean, 2007_.png","pixel, grass"
" <lora:pixhell15Lora_v10:1>  a teapot with one handle and one spout, frutiger aero, gradient, windows xp, 2005, clean, 2007
",209571465,512,512,DPM++ 2M SDE Karras,17.5,20,"00136-209571466-_lora_pixhell15Lora_v10_1_  a teapot with one handle and one spout, frutiger aero, gradient, windows xp, 2005, clean, 2007_.png","pixel, grass"
" <lora:pixhell15Lora_v10:1>  a teacup, frutiger aero, gradient, windows xp, 2005, clean, 2007
",3004902300,512,512,DPM++ 2M SDE Karras,17.5,20,"00137-3004902305-_lora_pixhell15Lora_v10_1_  a teacup, frutiger aero, gradient, windows xp, 2005, clean, 2007_.png","pixel, grass"
" <lora:pixhell15Lora_v10:1>  a teacup, frutiger aero, gradient, windows xp, 2005, clean, 2007
",3004902300,512,512,DPM++ 2M SDE Karras,17.5,20,"00138-3004902300-_lora_pixhell15Lora_v10_1_  a teacup, frutiger aero, gradient, windows xp, 2005, clean, 2007_.png","pixel, grass"
" <lora:pixhell15Lora_v10:1>  a console table, frutiger aero, gradient, windows xp, 2005, clean, 2007
",3554142503,512,512,DPM++ 2M SDE Karras,17.5,20,"00139-3554142504-_lora_pixhell15Lora_v10_1_  a console table, frutiger aero, gradient, windows xp, 2005, clean, 2007_.png","pixel, grass"
" <lora:pixhell15Lora_v10:1>  a hallway, frutiger aero, gradient, windows xp, 2005, clean, 2007
",3397596780,512,512,DPM++ 2M SDE Karras,17.5,20,"00140-3397596782-_lora_pixhell15Lora_v10_1_  a hallway, frutiger aero, gradient, windows xp, 2005, clean, 2007_.png",pixel
" <lora:pixhell15Lora_v10:1>  a hallway, frutiger aero, gradient, windows xp, 2005, clean, 2007
",3397596780,512,512,DPM++ 2M SDE Karras,17.5,20,"00141-3397596781-_lora_pixhell15Lora_v10_1_  a hallway, frutiger aero, gradient, windows xp, 2005, clean, 2007_.png",pixel
" <lora:pixhell15Lora_v10:1>  a living room, frutiger aero, gradient, windows xp, 2005, clean, 2007
",3976457715,512,512,DPM++ 2M SDE Karras,17.5,20,"00142-3976457718-_lora_pixhell15Lora_v10_1_  a living room, frutiger aero, gradient, windows xp, 2005, clean, 2007_.png",pixel
" <lora:pixhell15Lora_v10:1>  a living room, frutiger aero, gradient, windows xp, 2005, clean, 2007
",3976457715,512,512,DPM++ 2M SDE Karras,17.5,20,"00143-3976457717-_lora_pixhell15Lora_v10_1_  a living room, frutiger aero, gradient, windows xp, 2005, clean, 2007_.png",pixel
" <lora:pixhell15Lora_v10:1>  a living room, frutiger aero, gradient, windows xp, 2005, clean, 2007
",3976457715,512,512,DPM++ 2M SDE Karras,17.5,20,"00144-3976457715-_lora_pixhell15Lora_v10_1_  a living room, frutiger aero, gradient, windows xp, 2005, clean, 2007_.png",pixel
" <lora:pixhell15Lora_v10:1>  a living room, frutiger aero, gradient, windows xp, 2005, clean, 2007
",1000560681,512,512,DPM++ 2M SDE Karras,17.5,20,"00145-1000560684-_lora_pixhell15Lora_v10_1_  a living room, frutiger aero, gradient, windows xp, 2005, clean, 2007_.png",pixel
" <lora:pixhell15Lora_v10:1>  a living room, frutiger aero, gradient, windows xp, 2005, clean, 2007
",1000560681,512,512,DPM++ 2M SDE Karras,17.5,20,"00146-1000560683-_lora_pixhell15Lora_v10_1_  a living room, frutiger aero, gradient, windows xp, 2005, clean, 2007_.png",pixel
" <lora:pixhell15Lora_v10:1>  a desk with books, studying, frutiger aero, gradient, windows xp, 2005, clean, 2007
",344141520,512,512,DPM++ 2M SDE Karras,17.5,20,"00147-344141523-_lora_pixhell15Lora_v10_1_  a desk with books, studying, frutiger aero, gradient, windows xp, 2005, clean, 2007_.png",pixel
" <lora:pixhell15Lora_v10:1>  a pipe, frutiger aero, gradient, windows xp, 2005, clean, 2007
",3721042100,512,512,DPM++ 2M SDE Karras,17.5,20,"00148-3721042102-_lora_pixhell15Lora_v10_1_  a pipe, frutiger aero, gradient, windows xp, 2005, clean, 2007_.png",pixel
" <lora:pixhell15Lora_v10:1>  a smoking pipe, magritte, frutiger aero, gradient, windows xp, 2005, clean, 2007
",3863790528,512,512,DPM++ 2M SDE Karras,17.5,20,"00149-3863790533-_lora_pixhell15Lora_v10_1_  a smoking pipe, magritte, frutiger aero, gradient, windows xp, 2005, clean, 2007_.png",pixel
" <lora:pixhell15Lora_v10:1>  a golden retriever sitting, frutiger aero, gradient, windows xp, 2005, clean, 2007
",1481108889,512,512,Euler a,17.5,20,"00150-1481108891-_lora_pixhell15Lora_v10_1_  a golden retriever sitting, frutiger aero, gradient, windows xp, 2005, clean, 2007_.png",pixel
" <lora:pixhell15Lora_v10:1>  a golden retriever sitting, frutiger aero, gradient, windows xp, 2005, clean, 2007
",1481108889,512,512,Euler a,17.5,20,"00151-1481108889-_lora_pixhell15Lora_v10_1_  a golden retriever sitting, frutiger aero, gradient, windows xp, 2005, clean, 2007_.png",pixel
" <lora:pixhell15Lora_v10:1>  hotel lobby, frutiger aero, gradient, windows xp, 2005, clean, 2007
",3527296803,512,512,Euler a,17.5,20,"00152-3527296808-_lora_pixhell15Lora_v10_1_  hotel lobby, frutiger aero, gradient, windows xp, 2005, clean, 2007_.png",pixel
" <lora:pixhell15Lora_v10:1>  restaurant, frutiger aero, gradient, windows xp, 2005, clean, 2007
",1339375407,512,512,Euler a,17.5,20,"00153-1339375410-_lora_pixhell15Lora_v10_1_  restaurant, frutiger aero, gradient, windows xp, 2005, clean, 2007_.png",pixel
" <lora:pixhell15Lora_v10:1>  restaurant, frutiger aero, gradient, windows xp, 2005, clean, 2007
",3973401933,512,512,Euler a,17.5,20,"00154-3973401937-_lora_pixhell15Lora_v10_1_  restaurant, frutiger aero, gradient, windows xp, 2005, clean, 2007_.png",pixel
" <lora:pixhell15Lora_v10:1>  restaurant, frutiger aero, gradient, windows xp, 2005, clean, 2007
",3973401933,512,512,Euler a,17.5,20,"00155-3973401935-_lora_pixhell15Lora_v10_1_  restaurant, frutiger aero, gradient, windows xp, 2005, clean, 2007_.png",pixel
" <lora:pixhell15Lora_v10:1>  a fish, frutiger aero, gradient, windows xp, 2005, clean, 2007
",3824703826,512,512,Euler a,17.5,20,"00156-3824703826-_lora_pixhell15Lora_v10_1_  a fish, frutiger aero, gradient, windows xp, 2005, clean, 2007_.png",pixel
" <lora:pixhell15Lora_v10:1>  a fish, frutiger aero, gradient, windows xp, 2005, clean, 2007
",3824703826,512,512,Euler a,17.5,20,"00157-3824703828-_lora_pixhell15Lora_v10_1_  a fish, frutiger aero, gradient, windows xp, 2005, clean, 2007_.png",pixel
" <lora:pixhell15Lora_v10:1>  a fish tank, frutiger aero, gradient, windows xp, 2005, clean, 2007
",1021363018,512,512,Euler a,17.5,20,"00158-1021363021-_lora_pixhell15Lora_v10_1_  a fish tank, frutiger aero, gradient, windows xp, 2005, clean, 2007_.png",pixel
" <lora:pixhell15Lora_v10:1>  a kitchen, frutiger aero, gradient, windows xp, 2005, clean, 2007
",2339332079,512,512,Euler a,17.5,20,"00159-2339332083-_lora_pixhell15Lora_v10_1_  a kitchen, frutiger aero, gradient, windows xp, 2005, clean, 2007_.png",pixel
" <lora:pixhell15Lora_v10:1>  a kitchen, frutiger aero, gradient, windows xp, 2005, clean, 2007
",2339332079,512,512,Euler a,17.5,20,"00160-2339332082-_lora_pixhell15Lora_v10_1_  a kitchen, frutiger aero, gradient, windows xp, 2005, clean, 2007_.png",pixel
" <lora:pixhell15Lora_v10:1>  a kitchen, frutiger aero, gradient, windows xp, 2005, clean, 2007
",2339332079,512,512,Euler a,17.5,20,"00161-2339332079-_lora_pixhell15Lora_v10_1_  a kitchen, frutiger aero, gradient, windows xp, 2005, clean, 2007_.png",pixel
" <lora:pixhell15Lora_v10:1>  a toilet, frutiger aero, gradient, windows xp, 2005, clean, 2007
",3485375562,512,512,Euler a,17.5,20,"00162-3485375566-_lora_pixhell15Lora_v10_1_  a toilet, frutiger aero, gradient, windows xp, 2005, clean, 2007_.png",pixel
" <lora:pixhell15Lora_v10:1>  a bathroom with toilet, sink, bathrub, frutiger aero, gradient, windows xp, 2005, clean, 2007
",1818873292,512,512,Euler a,17.5,20,"00163-1818873293-_lora_pixhell15Lora_v10_1_  a bathroom with toilet, sink, bathrub, frutiger aero, gradient, windows xp, 2005, clean, 2007_.png",pixel
" <lora:pixhell15Lora_v10:1>  a bathroom with toilet, sink, bathrub, frutiger aero, gradient, windows xp, 2005, clean, 2007
",1818873292,512,512,Euler a,17.5,20,"00164-1818873296-_lora_pixhell15Lora_v10_1_  a bathroom with toilet, sink, bathrub, frutiger aero, gradient, windows xp, 2005, clean, 2007_.png",pixel
" <lora:pixhell15Lora_v10:1>  a backpack against a background, frutiger aero, gradient, windows xp, 2005, clean, 2007
",3202566908,512,512,Euler a,17.5,20,"00165-3202566911-_lora_pixhell15Lora_v10_1_  a backpack against a background, frutiger aero, gradient, windows xp, 2005, clean, 2007_.png",pixel
" <lora:pixhell15Lora_v10:1>  a backyard, frutiger aero, gradient, 2005, clean, 2007
",1590716442,512,512,Euler a,17.5,20,"00166-1590716444-_lora_pixhell15Lora_v10_1_  a backyard, frutiger aero, gradient, 2005, clean, 2007_.png",pixel
" <lora:pixhell15Lora_v10:1>  a pickup truck, frutiger aero, gradient, 2005, clean, 2007, windows xp
",986221086,512,512,Euler a,17.5,20,"00167-986221086-_lora_pixhell15Lora_v10_1_  a pickup truck, frutiger aero, gradient, 2005, clean, 2007, windows xp_.png",pixel
" <lora:pixhell15Lora_v10:1>  a pickup truck, frutiger aero, gradient, 2005, clean, 2007, windows xp
",986221086,512,512,Euler a,17.5,20,"00168-986221090-_lora_pixhell15Lora_v10_1_  a pickup truck, frutiger aero, gradient, 2005, clean, 2007, windows xp_.png",pixel
" <lora:pixhell15Lora_v10:1>  a pickup truck, frutiger aero, gradient, 2005, clean, 2007, windows xp
",986221086,512,512,Euler a,17.5,20,"00169-986221091-_lora_pixhell15Lora_v10_1_  a pickup truck, frutiger aero, gradient, 2005, clean, 2007, windows xp_.png",pixel
" <lora:pixhell15Lora_v10:1>  a handbag, frutiger aero, gradient, 2005, clean, 2007, windows xp
",3560827287,512,512,Euler a,17.5,20,"00170-3560827288-_lora_pixhell15Lora_v10_1_  a handbag, frutiger aero, gradient, 2005, clean, 2007, windows xp_.png",pixel
" <lora:pixhell15Lora_v10:1>  a handbag, frutiger aero, gradient, 2005, clean, 2007, windows xp
",3560827287,512,512,Euler a,17.5,20,"00171-3560827287-_lora_pixhell15Lora_v10_1_  a handbag, frutiger aero, gradient, 2005, clean, 2007, windows xp_.png",pixel
